{
  "adv_train": {
    "mix_ratios": [
      0.1,
      0.5
    ],
    "snr_levels": [
      -10,
      -5,
      0,
      5,
      10,
      15,
      20
    ],
    "clean_acc": {
      "0.1": [
        0.35555555555555557,
        0.43103448275862066,
        0.3670886075949367,
        0.4460431654676259,
        0.36645962732919257,
        0.3191489361702128,
        0.3873239436619718
      ],
      "0.5": [
        0.4444444444444444,
        0.43103448275862066,
        0.36075949367088606,
        0.4316546762589928,
        0.36024844720496896,
        0.3191489361702128,
        0.3873239436619718
      ]
    },
    "fgsm_robust_acc": {
      "0.1": [
        0.24444444444444444,
        0.39655172413793105,
        0.34810126582278483,
        0.4460431654676259,
        0.36645962732919257,
        0.14893617021276595,
        0.38028169014084506
      ],
      "0.5": [
        0.31851851851851853,
        0.29310344827586204,
        0.36075949367088606,
        0.4316546762589928,
        0.36024844720496896,
        0.3191489361702128,
        0.3873239436619718
      ]
    }
  },
  "denoise": {
    "snr_levels": [
      -10,
      -5,
      0,
      5,
      10,
      15,
      20
    ],
    "clean_acc": [
      0.24444444444444444,
      0.20114942528735633,
      0.20253164556962025,
      0.2302158273381295,
      0.16149068322981366,
      0.1276595744680851,
      0.2112676056338028
    ],
    "fgsm_robust_acc": [
      0.24444444444444444,
      0.20114942528735633,
      0.20253164556962025,
      0.2302158273381295,
      0.16149068322981366,
      0.1276595744680851,
      0.2112676056338028
    ],
    "avg_clean": 0.19696560085303602,
    "avg_fgsm_robust": 0.19696560085303602
  }
}