{
  "clean_acc": [
    0.4222222222222222,
    0.3620689655172414,
    0.36075949367088606,
    0.4460431654676259,
    0.36645962732919257,
    0.3049645390070922,
    0.4788732394366197
  ],
  "fgsm_results": {
    "eps_list": [
      0.005,
      0.01,
      0.03,
      0.05,
      0.1
    ],
    "snr_levels": [
      -10,
      -5,
      0,
      5,
      10,
      15,
      20
    ],
    "per_snr": {
      "0.005": [
        0.4222222222222222,
        0.3620689655172414,
        0.36075949367088606,
        0.4460431654676259,
        0.36645962732919257,
        0.3049645390070922,
        0.4788732394366197
      ],
      "0.01": [
        0.4222222222222222,
        0.3620689655172414,
        0.36075949367088606,
        0.4460431654676259,
        0.36645962732919257,
        0.3049645390070922,
        0.4788732394366197
      ],
      "0.03": [
        0.4222222222222222,
        0.3448275862068966,
        0.36075949367088606,
        0.4460431654676259,
        0.36645962732919257,
        0.3049645390070922,
        0.4859154929577465
      ],
      "0.05": [
        0.4148148148148148,
        0.3045977011494253,
        0.36075949367088606,
        0.4460431654676259,
        0.36645962732919257,
        0.3049645390070922,
        0.4788732394366197
      ],
      "0.1": [
        0.17037037037037037,
        0.1839080459770115,
        0.34810126582278483,
        0.4460431654676259,
        0.36024844720496896,
        0.19148936170212766,
        0.38028169014084506
      ]
    }
  },
  "pgd_results": {
    "configurations": [
      "eps=0.01_steps=10",
      "eps=0.03_steps=10",
      "eps=0.05_steps=10"
    ],
    "snr_levels": [
      -10,
      -5,
      0,
      5,
      10,
      15,
      20
    ],
    "per_snr": {
      "eps=0.01_steps=10": [
        0.4222222222222222,
        0.3620689655172414,
        0.36075949367088606,
        0.4460431654676259,
        0.36645962732919257,
        0.3049645390070922,
        0.4788732394366197
      ],
      "eps=0.03_steps=10": [
        0.4222222222222222,
        0.3390804597701149,
        0.36075949367088606,
        0.4460431654676259,
        0.36645962732919257,
        0.3049645390070922,
        0.4859154929577465
      ],
      "eps=0.05_steps=10": [
        0.4148148148148148,
        0.29310344827586204,
        0.36075949367088606,
        0.4460431654676259,
        0.36645962732919257,
        0.3049645390070922,
        0.5
      ]
    }
  },
  "cw_results": {
    "eps_list": [
      1.0,
      2.0
    ],
    "snr_levels": [
      -10,
      -5,
      0,
      5,
      10,
      15,
      20
    ],
    "per_snr": {
      "1.0": [
        0.4222222222222222,
        0.3390804597701149,
        0.36075949367088606,
        0.4460431654676259,
        0.36645962732919257,
        0.3049645390070922,
        0.49295774647887325
      ],
      "2.0": [
        0.3851851851851852,
        0.26436781609195403,
        0.35443037974683544,
        0.4460431654676259,
        0.38509316770186336,
        0.24113475177304963,
        0.44366197183098594
      ]
    }
  }
}